ModuleID,ModuleName,Description,PlanID,ModuleDate,StartTime,EndTime
1,Romeo Echo Golf Sierra Mike Zulu Foxtrot Kilo Bravo Whiskey Juliett India Tango X-ray Quebec Delta Oscar Papa,"Vestibulum quam sapien, varius ut, blandit non, interdum in, ante. Vestibulum ante ipsum primis in faucibus orci luctus et ultrices posuere cubilia Curae; Duis faucibus accumsan odio. Curabitur convallis.

Duis consequat dui nec nisi volutpat eleifend. Donec ut dolor. Morbi vel lectus in quam fringilla rhoncus.",1,1/16/2024,3:44 PM,1:34 PM
2,Romeo Echo Yankee Charlie Delta Mike India Zulu Golf Oscar Uniform Tango X-ray Sierra November Papa,"Proin eu mi. Nulla ac enim. In tempor, turpis nec euismod scelerisque, quam turpis adipiscing lorem, vitae mattis nibh ligula nec sem.

Duis aliquam convallis nunc. Proin at turpis a pede posuere nonummy. Integer non velit.

Donec diam neque, vestibulum eget, vulputate ut, ultrices vel, augue. Vestibulum ante ipsum primis in faucibus orci luctus et ultrices posuere cubilia Curae; Donec pharetra, magna vestibulum aliquet ultrices, erat tortor sollicitudin mi, sit amet lobortis sapien sapien non mi. Integer ac neque.",2,8/25/2023,2:59 PM,1:25 PM
3,Whiskey Charlie X-ray Romeo Zulu Echo Golf Yankee Kilo Hotel Papa Foxtrot Mike Sierra Delta Juliett,"Lorem ipsum dolor sit amet, consectetuer adipiscing elit. Proin risus. Praesent lectus.

Vestibulum quam sapien, varius ut, blandit non, interdum in, ante. Vestibulum ante ipsum primis in faucibus orci luctus et ultrices posuere cubilia Curae; Duis faucibus accumsan odio. Curabitur convallis.

Duis consequat dui nec nisi volutpat eleifend. Donec ut dolor. Morbi vel lectus in quam fringilla rhoncus.",3,12/8/2023,10:54 AM,1:15 PM
4,Delta Victor Papa Romeo Whiskey Foxtrot Tango Hotel Echo Yankee Zulu India Bravo Alfa,"Vestibulum quam sapien, varius ut, blandit non, interdum in, ante. Vestibulum ante ipsum primis in faucibus orci luctus et ultrices posuere cubilia Curae; Duis faucibus accumsan odio. Curabitur convallis.",4,3/16/2024,6:27 PM,10:26 AM
5,Hotel Golf Juliett X-ray Romeo Zulu Foxtrot Echo Yankee Whiskey Sierra November,"Aenean lectus. Pellentesque eget nunc. Donec quis orci eget orci vehicula condimentum.

Curabitur in libero ut massa volutpat convallis. Morbi odio odio, elementum eu, interdum eu, tincidunt in, leo. Maecenas pulvinar lobortis est.",5,12/17/2023,5:59 PM,11:37 AM
6,Romeo Alfa Lima Victor Echo Zulu Mike Hotel Juliett Golf Quebec Foxtrot Tango Uniform Sierra X-ray Papa November Yankee,Nullam sit amet turpis elementum ligula vehicula consequat. Morbi a ipsum. Integer a nibh.,6,12/15/2023,1:14 PM,4:32 PM
7,Mike Echo Tango Charlie Juliett Foxtrot Zulu India Whiskey Romeo Kilo Uniform Lima X-ray Oscar Alfa,"Curabitur in libero ut massa volutpat convallis. Morbi odio odio, elementum eu, interdum eu, tincidunt in, leo. Maecenas pulvinar lobortis est.

Phasellus sit amet erat. Nulla tempus. Vivamus in felis eu sapien cursus vestibulum.",7,10/3/2023,12:44 PM,12:06 PM
8,Oscar Lima Foxtrot Uniform Victor Romeo November Zulu India Kilo Yankee Papa Tango Juliett Delta Hotel X-ray Mike Echo Whiskey,"Donec diam neque, vestibulum eget, vulputate ut, ultrices vel, augue. Vestibulum ante ipsum primis in faucibus orci luctus et ultrices posuere cubilia Curae; Donec pharetra, magna vestibulum aliquet ultrices, erat tortor sollicitudin mi, sit amet lobortis sapien sapien non mi. Integer ac neque.",8,7/12/2023,11:20 AM,1:35 PM
9,Sierra Golf Lima Zulu Foxtrot Juliett Hotel Alfa Uniform India Whiskey Romeo,"Maecenas ut massa quis augue luctus tincidunt. Nulla mollis molestie lorem. Quisque ut erat.

Curabitur gravida nisi at nibh. In hac habitasse platea dictumst. Aliquam augue quam, sollicitudin vitae, consectetuer eget, rutrum at, lorem.

Integer tincidunt ante vel ipsum. Praesent blandit lacinia erat. Vestibulum sed magna at nunc commodo placerat.",1,7/29/2023,11:32 AM,10:39 AM
10,Hotel Foxtrot Uniform Oscar Golf Yankee Delta X-ray India Zulu Victor Mike Quebec Whiskey,"Praesent id massa id nisl venenatis lacinia. Aenean sit amet justo. Morbi ut odio.

Cras mi pede, malesuada in, imperdiet et, commodo vulputate, justo. In blandit ultrices enim. Lorem ipsum dolor sit amet, consectetuer adipiscing elit.",2,5/16/2023,4:44 PM,4:11 PM
11,Delta Tango Kilo Uniform Lima Papa Whiskey Foxtrot Juliett Golf Quebec Echo Alfa Romeo Charlie X-ray Hotel Victor,"Donec diam neque, vestibulum eget, vulputate ut, ultrices vel, augue. Vestibulum ante ipsum primis in faucibus orci luctus et ultrices posuere cubilia Curae; Donec pharetra, magna vestibulum aliquet ultrices, erat tortor sollicitudin mi, sit amet lobortis sapien sapien non mi. Integer ac neque.",3,9/15/2023,6:06 PM,3:21 PM
12,Bravo Yankee India Oscar Hotel Victor X-ray Echo Delta Alfa Whiskey,"Nullam porttitor lacus at turpis. Donec posuere metus vitae ipsum. Aliquam non mauris.

Morbi non lectus. Aliquam sit amet diam in magna bibendum imperdiet. Nullam orci pede, venenatis non, sodales sed, tincidunt eu, felis.",4,6/30/2023,12:19 PM,2:56 PM
13,Kilo Victor Delta Zulu Papa Echo Alfa Golf Foxtrot Tango Oscar Hotel Lima,"Lorem ipsum dolor sit amet, consectetuer adipiscing elit. Proin risus. Praesent lectus.",5,4/5/2024,12:46 PM,11:23 AM
14,Golf Foxtrot Victor Juliett X-ray Mike India Quebec Hotel Kilo Romeo November,"Morbi porttitor lorem id ligula. Suspendisse ornare consequat lectus. In est risus, auctor sed, tristique in, tempus sit amet, sem.

Fusce consequat. Nulla nisl. Nunc nisl.",6,12/20/2023,3:39 PM,5:19 PM
15,Yankee Zulu Echo Papa Kilo Hotel Charlie X-ray Whiskey Alfa Victor Delta Lima,"Lorem ipsum dolor sit amet, consectetuer adipiscing elit. Proin risus. Praesent lectus.",7,12/10/2023,11:06 AM,10:21 AM
16,Kilo Juliett Sierra Romeo Lima Golf Uniform November Echo Zulu Hotel Papa Mike Tango Bravo Oscar,"Suspendisse potenti. In eleifend quam a odio. In hac habitasse platea dictumst.

Maecenas ut massa quis augue luctus tincidunt. Nulla mollis molestie lorem. Quisque ut erat.",8,4/24/2024,6:06 PM,4:22 PM
17,Quebec Oscar Charlie Papa Bravo Kilo Golf Zulu Whiskey Delta India,Duis aliquam convallis nunc. Proin at turpis a pede posuere nonummy. Integer non velit.,1,4/3/2024,3:17 PM,6:26 PM
18,Zulu Echo Romeo Charlie Hotel Yankee Lima Alfa Golf Foxtrot Tango Uniform X-ray,"Cras non velit nec nisi vulputate nonummy. Maecenas tincidunt lacus at velit. Vivamus vel nulla eget eros elementum pellentesque.

Quisque porta volutpat erat. Quisque erat eros, viverra eget, congue eget, semper rutrum, nulla. Nunc purus.",2,4/26/2024,11:29 AM,4:51 PM
19,X-ray Quebec Oscar Delta India Yankee Lima Golf Romeo Victor Bravo Echo Zulu Tango Hotel Sierra Kilo Mike Alfa Whiskey,"Phasellus sit amet erat. Nulla tempus. Vivamus in felis eu sapien cursus vestibulum.

Proin eu mi. Nulla ac enim. In tempor, turpis nec euismod scelerisque, quam turpis adipiscing lorem, vitae mattis nibh ligula nec sem.

Duis aliquam convallis nunc. Proin at turpis a pede posuere nonummy. Integer non velit.",3,2/27/2024,12:37 PM,11:37 AM
20,Lima Echo Sierra Quebec Golf Uniform Foxtrot India Zulu Victor Romeo,"Aenean fermentum. Donec ut mauris eget massa tempor convallis. Nulla neque libero, convallis eget, eleifend luctus, ultricies eu, nibh.

Quisque id justo sit amet sapien dignissim vestibulum. Vestibulum ante ipsum primis in faucibus orci luctus et ultrices posuere cubilia Curae; Nulla dapibus dolor vel est. Donec odio justo, sollicitudin ut, suscipit a, feugiat et, eros.

Vestibulum ac est lacinia nisi venenatis tristique. Fusce congue, diam id ornare imperdiet, sapien urna pretium nisl, ut volutpat sapien arcu sed augue. Aliquam erat volutpat.",4,11/1/2023,4:40 PM,2:36 PM
21,Bravo Juliett Yankee Romeo Whiskey Hotel Echo Alfa Delta Golf,"Proin leo odio, porttitor id, consequat in, consequat ut, nulla. Sed accumsan felis. Ut at dolor quis odio consequat varius.

Integer ac leo. Pellentesque ultrices mattis odio. Donec vitae nisi.",5,5/6/2024,3:33 PM,11:53 AM
22,Mike Foxtrot Uniform Victor Whiskey Alfa Tango Golf Romeo X-ray Bravo Juliett Sierra India Yankee,Nullam sit amet turpis elementum ligula vehicula consequat. Morbi a ipsum. Integer a nibh.,6,9/17/2023,2:12 PM,11:13 AM
23,Oscar India Echo Romeo November Charlie Juliett Yankee X-ray Hotel Alfa Papa Sierra Tango Whiskey Kilo Zulu Bravo,"Proin leo odio, porttitor id, consequat in, consequat ut, nulla. Sed accumsan felis. Ut at dolor quis odio consequat varius.

Integer ac leo. Pellentesque ultrices mattis odio. Donec vitae nisi.

Nam ultrices, libero non mattis pulvinar, nulla pede ullamcorper augue, a suscipit nulla elit ac nulla. Sed vel enim sit amet nunc viverra dapibus. Nulla suscipit ligula in lacus.",7,6/20/2023,5:31 PM,5:52 PM
24,Lima Golf Juliett Whiskey Yankee Papa Alfa Charlie Kilo Foxtrot India Hotel,"Nulla ut erat id mauris vulputate elementum. Nullam varius. Nulla facilisi.

Cras non velit nec nisi vulputate nonummy. Maecenas tincidunt lacus at velit. Vivamus vel nulla eget eros elementum pellentesque.",8,4/10/2023,3:42 PM,1:46 PM
25,Whiskey India Zulu X-ray Romeo Sierra Papa Charlie Juliett Bravo Delta Quebec Kilo Tango Uniform Yankee Hotel Oscar,"Vestibulum quam sapien, varius ut, blandit non, interdum in, ante. Vestibulum ante ipsum primis in faucibus orci luctus et ultrices posuere cubilia Curae; Duis faucibus accumsan odio. Curabitur convallis.

Duis consequat dui nec nisi volutpat eleifend. Donec ut dolor. Morbi vel lectus in quam fringilla rhoncus.

Mauris enim leo, rhoncus sed, vestibulum sit amet, cursus id, turpis. Integer aliquet, massa id lobortis convallis, tortor risus dapibus augue, vel accumsan tellus nisi eu orci. Mauris lacinia sapien quis libero.",1,2/19/2024,11:31 AM,6:09 PM
26,Kilo Yankee Golf Whiskey November Charlie Lima X-ray Foxtrot Hotel Bravo,"Proin eu mi. Nulla ac enim. In tempor, turpis nec euismod scelerisque, quam turpis adipiscing lorem, vitae mattis nibh ligula nec sem.

Duis aliquam convallis nunc. Proin at turpis a pede posuere nonummy. Integer non velit.",2,10/16/2023,12:02 PM,4:22 PM
27,Delta Foxtrot Bravo X-ray November Papa Lima India Alfa Charlie Mike Quebec Juliett,Nullam sit amet turpis elementum ligula vehicula consequat. Morbi a ipsum. Integer a nibh.,3,9/30/2023,4:23 PM,10:01 AM
28,Uniform Echo Zulu Romeo Foxtrot Quebec Victor Sierra Whiskey Juliett India Lima Tango Kilo Oscar Papa X-ray November,"Lorem ipsum dolor sit amet, consectetuer adipiscing elit. Proin risus. Praesent lectus.",4,4/22/2024,1:05 PM,12:40 PM
29,Delta Victor Sierra Lima November Echo Hotel India Zulu Whiskey Golf Yankee Uniform Tango Alfa X-ray,"Maecenas leo odio, condimentum id, luctus nec, molestie sed, justo. Pellentesque viverra pede ac diam. Cras pellentesque volutpat dui.

Maecenas tristique, est et tempus semper, est quam pharetra magna, ac consequat metus sapien ut nunc. Vestibulum ante ipsum primis in faucibus orci luctus et ultrices posuere cubilia Curae; Mauris viverra diam vitae quam. Suspendisse potenti.",5,9/22/2023,4:36 PM,2:37 PM
30,Zulu Golf Sierra Delta Oscar Bravo Romeo Quebec Whiskey November Juliett Kilo Tango Foxtrot Yankee Alfa X-ray Mike,"In sagittis dui vel nisl. Duis ac nibh. Fusce lacus purus, aliquet at, feugiat non, pretium quis, lectus.

Suspendisse potenti. In eleifend quam a odio. In hac habitasse platea dictumst.

Maecenas ut massa quis augue luctus tincidunt. Nulla mollis molestie lorem. Quisque ut erat.",6,8/29/2023,3:14 PM,3:02 PM
31,Quebec Alfa Delta Zulu Uniform Kilo November Yankee X-ray Bravo Victor India Papa Tango Mike Romeo,"Fusce posuere felis sed lacus. Morbi sem mauris, laoreet ut, rhoncus aliquet, pulvinar sed, nisl. Nunc rhoncus dui vel sem.

Sed sagittis. Nam congue, risus semper porta volutpat, quam pede lobortis ligula, sit amet eleifend pede libero quis orci. Nullam molestie nibh in lectus.

Pellentesque at nulla. Suspendisse potenti. Cras in purus eu magna vulputate luctus.",7,5/19/2024,1:41 PM,5:10 PM
32,Romeo India Sierra Tango Foxtrot Zulu Quebec Juliett Echo Hotel Kilo,"Quisque id justo sit amet sapien dignissim vestibulum. Vestibulum ante ipsum primis in faucibus orci luctus et ultrices posuere cubilia Curae; Nulla dapibus dolor vel est. Donec odio justo, sollicitudin ut, suscipit a, feugiat et, eros.

Vestibulum ac est lacinia nisi venenatis tristique. Fusce congue, diam id ornare imperdiet, sapien urna pretium nisl, ut volutpat sapien arcu sed augue. Aliquam erat volutpat.

In congue. Etiam justo. Etiam pretium iaculis justo.",8,4/16/2023,10:50 AM,12:56 PM
33,Kilo Oscar Charlie Lima Yankee Foxtrot Papa X-ray Tango Mike Echo Juliett Alfa,"Vestibulum ac est lacinia nisi venenatis tristique. Fusce congue, diam id ornare imperdiet, sapien urna pretium nisl, ut volutpat sapien arcu sed augue. Aliquam erat volutpat.

In congue. Etiam justo. Etiam pretium iaculis justo.",1,6/3/2023,1:29 PM,5:39 PM
34,Echo Foxtrot Juliett Golf Tango Papa Romeo Whiskey Zulu X-ray Alfa Kilo Lima Hotel Oscar Bravo Quebec Victor Mike,"Aenean fermentum. Donec ut mauris eget massa tempor convallis. Nulla neque libero, convallis eget, eleifend luctus, ultricies eu, nibh.",2,8/17/2023,12:35 PM,10:25 AM
35,Lima Echo Zulu Oscar Alfa Delta Romeo Golf Whiskey Quebec X-ray Victor November Papa Uniform Hotel Sierra Charlie,"Quisque porta volutpat erat. Quisque erat eros, viverra eget, congue eget, semper rutrum, nulla. Nunc purus.

Phasellus in felis. Donec semper sapien a libero. Nam dui.",3,4/9/2023,3:05 PM,5:05 PM
36,Charlie Quebec Papa Tango Juliett Bravo India Victor Uniform Kilo,"Curabitur in libero ut massa volutpat convallis. Morbi odio odio, elementum eu, interdum eu, tincidunt in, leo. Maecenas pulvinar lobortis est.

Phasellus sit amet erat. Nulla tempus. Vivamus in felis eu sapien cursus vestibulum.

Proin eu mi. Nulla ac enim. In tempor, turpis nec euismod scelerisque, quam turpis adipiscing lorem, vitae mattis nibh ligula nec sem.",4,5/11/2023,1:23 PM,12:21 PM
37,Yankee Bravo Juliett Sierra X-ray Kilo Delta Victor Oscar Whiskey Alfa Charlie,"Aenean fermentum. Donec ut mauris eget massa tempor convallis. Nulla neque libero, convallis eget, eleifend luctus, ultricies eu, nibh.",5,8/30/2023,5:45 PM,10:43 AM
38,Alfa Whiskey Kilo Romeo Hotel Delta Lima Papa Quebec Zulu Uniform X-ray Echo November Charlie Tango,"Lorem ipsum dolor sit amet, consectetuer adipiscing elit. Proin risus. Praesent lectus.",6,6/3/2023,1:38 PM,12:40 PM
39,Sierra Kilo Alfa Juliett Tango Lima Papa Zulu India November X-ray Charlie Yankee Victor Golf,"Nullam porttitor lacus at turpis. Donec posuere metus vitae ipsum. Aliquam non mauris.

Morbi non lectus. Aliquam sit amet diam in magna bibendum imperdiet. Nullam orci pede, venenatis non, sodales sed, tincidunt eu, felis.

Fusce posuere felis sed lacus. Morbi sem mauris, laoreet ut, rhoncus aliquet, pulvinar sed, nisl. Nunc rhoncus dui vel sem.",7,4/7/2024,12:30 PM,2:24 PM
40,Victor Foxtrot Delta Zulu Uniform Yankee Sierra India Echo Quebec Alfa X-ray Oscar Whiskey,"Nulla ut erat id mauris vulputate elementum. Nullam varius. Nulla facilisi.

Cras non velit nec nisi vulputate nonummy. Maecenas tincidunt lacus at velit. Vivamus vel nulla eget eros elementum pellentesque.",8,11/1/2023,12:58 PM,11:32 AM
41,Kilo Lima Sierra Papa Bravo Yankee Juliett Oscar Charlie Romeo X-ray Delta Tango,"Nullam porttitor lacus at turpis. Donec posuere metus vitae ipsum. Aliquam non mauris.

Morbi non lectus. Aliquam sit amet diam in magna bibendum imperdiet. Nullam orci pede, venenatis non, sodales sed, tincidunt eu, felis.

Fusce posuere felis sed lacus. Morbi sem mauris, laoreet ut, rhoncus aliquet, pulvinar sed, nisl. Nunc rhoncus dui vel sem.",1,10/1/2023,10:02 AM,10:40 AM
42,India Kilo Juliett Uniform Whiskey Romeo Yankee Foxtrot Delta Golf,"Phasellus sit amet erat. Nulla tempus. Vivamus in felis eu sapien cursus vestibulum.

Proin eu mi. Nulla ac enim. In tempor, turpis nec euismod scelerisque, quam turpis adipiscing lorem, vitae mattis nibh ligula nec sem.",2,5/22/2023,3:07 PM,2:57 PM
43,Alfa Golf Tango Charlie November Victor Bravo Hotel Kilo Papa Romeo X-ray Sierra Mike Whiskey Oscar Lima,"Cum sociis natoque penatibus et magnis dis parturient montes, nascetur ridiculus mus. Vivamus vestibulum sagittis sapien. Cum sociis natoque penatibus et magnis dis parturient montes, nascetur ridiculus mus.

Etiam vel augue. Vestibulum rutrum rutrum neque. Aenean auctor gravida sem.",3,2/22/2024,10:13 AM,11:02 AM
44,Mike India Victor Whiskey Oscar Sierra Charlie Lima Romeo Delta,"Aenean fermentum. Donec ut mauris eget massa tempor convallis. Nulla neque libero, convallis eget, eleifend luctus, ultricies eu, nibh.

Quisque id justo sit amet sapien dignissim vestibulum. Vestibulum ante ipsum primis in faucibus orci luctus et ultrices posuere cubilia Curae; Nulla dapibus dolor vel est. Donec odio justo, sollicitudin ut, suscipit a, feugiat et, eros.",4,12/16/2023,3:37 PM,2:42 PM
45,Delta Juliett Zulu Sierra Uniform Yankee Victor Hotel Golf Oscar Charlie Papa Tango Lima Echo X-ray,"Integer ac leo. Pellentesque ultrices mattis odio. Donec vitae nisi.

Nam ultrices, libero non mattis pulvinar, nulla pede ullamcorper augue, a suscipit nulla elit ac nulla. Sed vel enim sit amet nunc viverra dapibus. Nulla suscipit ligula in lacus.

Curabitur at ipsum ac tellus semper interdum. Mauris ullamcorper purus sit amet nulla. Quisque arcu libero, rutrum ac, lobortis vel, dapibus at, diam.",5,5/30/2023,3:05 PM,11:20 AM
46,Zulu Victor X-ray Foxtrot Alfa Golf Kilo Charlie Papa Quebec Whiskey November Echo Bravo Sierra Romeo Yankee Juliett,"Suspendisse potenti. In eleifend quam a odio. In hac habitasse platea dictumst.

Maecenas ut massa quis augue luctus tincidunt. Nulla mollis molestie lorem. Quisque ut erat.",6,3/5/2024,4:57 PM,11:24 AM
47,Kilo Whiskey Echo Zulu Hotel X-ray Juliett Foxtrot India Charlie Quebec Lima Romeo Bravo Victor Mike Alfa Tango November,"Duis bibendum, felis sed interdum venenatis, turpis enim blandit mi, in porttitor pede justo eu massa. Donec dapibus. Duis at velit eu est congue elementum.",7,12/10/2023,11:23 AM,4:03 PM
48,Sierra Zulu Quebec Foxtrot India Yankee Juliett Lima November Bravo Golf Mike,"Vestibulum ac est lacinia nisi venenatis tristique. Fusce congue, diam id ornare imperdiet, sapien urna pretium nisl, ut volutpat sapien arcu sed augue. Aliquam erat volutpat.

In congue. Etiam justo. Etiam pretium iaculis justo.",8,4/3/2024,4:44 PM,5:00 PM
49,Sierra Oscar Delta Charlie November Tango Bravo Hotel Alfa X-ray Juliett Foxtrot Uniform Zulu Echo Papa Romeo Kilo India,"Fusce posuere felis sed lacus. Morbi sem mauris, laoreet ut, rhoncus aliquet, pulvinar sed, nisl. Nunc rhoncus dui vel sem.

Sed sagittis. Nam congue, risus semper porta volutpat, quam pede lobortis ligula, sit amet eleifend pede libero quis orci. Nullam molestie nibh in lectus.

Pellentesque at nulla. Suspendisse potenti. Cras in purus eu magna vulputate luctus.",1,1/2/2024,1:01 PM,5:42 PM
50,Alfa Echo Sierra Oscar November Foxtrot Hotel Delta Tango Zulu Papa India Quebec,Integer ac leo. Pellentesque ultrices mattis odio. Donec vitae nisi.,2,7/9/2023,12:16 PM,5:40 PM
51,Oscar Zulu Echo Tango Sierra Romeo Papa Delta Kilo Golf Victor Mike Whiskey Yankee,"Quisque id justo sit amet sapien dignissim vestibulum. Vestibulum ante ipsum primis in faucibus orci luctus et ultrices posuere cubilia Curae; Nulla dapibus dolor vel est. Donec odio justo, sollicitudin ut, suscipit a, feugiat et, eros.

Vestibulum ac est lacinia nisi venenatis tristique. Fusce congue, diam id ornare imperdiet, sapien urna pretium nisl, ut volutpat sapien arcu sed augue. Aliquam erat volutpat.",3,6/9/2023,12:42 PM,2:03 PM
52,Tango Kilo X-ray Alfa Whiskey Foxtrot Yankee Sierra Mike Lima Echo Hotel Bravo,Fusce consequat. Nulla nisl. Nunc nisl.,4,6/24/2024,12:01 PM,5:49 PM
53,Juliett Whiskey Mike Tango Delta Echo Romeo X-ray India Foxtrot Bravo Alfa Oscar,"Maecenas leo odio, condimentum id, luctus nec, molestie sed, justo. Pellentesque viverra pede ac diam. Cras pellentesque volutpat dui.

Maecenas tristique, est et tempus semper, est quam pharetra magna, ac consequat metus sapien ut nunc. Vestibulum ante ipsum primis in faucibus orci luctus et ultrices posuere cubilia Curae; Mauris viverra diam vitae quam. Suspendisse potenti.",5,5/20/2023,12:46 PM,12:22 PM
54,Romeo Zulu Tango Echo Juliett Lima Foxtrot Kilo Bravo Papa Mike Victor Alfa,"Cras mi pede, malesuada in, imperdiet et, commodo vulputate, justo. In blandit ultrices enim. Lorem ipsum dolor sit amet, consectetuer adipiscing elit.

Proin interdum mauris non ligula pellentesque ultrices. Phasellus id sapien in sapien iaculis congue. Vivamus metus arcu, adipiscing molestie, hendrerit at, vulputate vitae, nisl.",6,2/12/2024,10:22 AM,4:51 PM
55,Oscar Yankee Lima Tango Victor Alfa Sierra Papa Charlie Delta Bravo Foxtrot Romeo India Echo Kilo,"Sed sagittis. Nam congue, risus semper porta volutpat, quam pede lobortis ligula, sit amet eleifend pede libero quis orci. Nullam molestie nibh in lectus.

Pellentesque at nulla. Suspendisse potenti. Cras in purus eu magna vulputate luctus.

Cum sociis natoque penatibus et magnis dis parturient montes, nascetur ridiculus mus. Vivamus vestibulum sagittis sapien. Cum sociis natoque penatibus et magnis dis parturient montes, nascetur ridiculus mus.",7,7/3/2024,5:35 PM,4:14 PM
56,Whiskey Tango Charlie India Bravo Lima Yankee Romeo Papa X-ray Echo Victor Oscar Juliett Hotel Delta Quebec,"Duis consequat dui nec nisi volutpat eleifend. Donec ut dolor. Morbi vel lectus in quam fringilla rhoncus.

Mauris enim leo, rhoncus sed, vestibulum sit amet, cursus id, turpis. Integer aliquet, massa id lobortis convallis, tortor risus dapibus augue, vel accumsan tellus nisi eu orci. Mauris lacinia sapien quis libero.",8,5/25/2023,4:52 PM,5:09 PM
57,Romeo Yankee Kilo Charlie Uniform Victor Mike Foxtrot Quebec November Golf Zulu Hotel Tango India,"Morbi non lectus. Aliquam sit amet diam in magna bibendum imperdiet. Nullam orci pede, venenatis non, sodales sed, tincidunt eu, felis.",1,1/3/2024,3:49 PM,2:51 PM
58,Papa Uniform Echo Whiskey Kilo Foxtrot Oscar Zulu Charlie India Bravo November Golf Juliett,"Lorem ipsum dolor sit amet, consectetuer adipiscing elit. Proin risus. Praesent lectus.

Vestibulum quam sapien, varius ut, blandit non, interdum in, ante. Vestibulum ante ipsum primis in faucibus orci luctus et ultrices posuere cubilia Curae; Duis faucibus accumsan odio. Curabitur convallis.

Duis consequat dui nec nisi volutpat eleifend. Donec ut dolor. Morbi vel lectus in quam fringilla rhoncus.",2,4/22/2024,10:57 AM,10:41 AM
59,Oscar Bravo Romeo Sierra November Tango Juliett Uniform X-ray Charlie Echo India Kilo Quebec,Cras non velit nec nisi vulputate nonummy. Maecenas tincidunt lacus at velit. Vivamus vel nulla eget eros elementum pellentesque.,3,5/20/2024,3:43 PM,6:04 PM
60,Charlie Whiskey Echo Juliett Uniform Quebec Sierra Yankee Kilo Delta Victor Bravo Romeo Hotel Oscar Golf Tango,"In sagittis dui vel nisl. Duis ac nibh. Fusce lacus purus, aliquet at, feugiat non, pretium quis, lectus.

Suspendisse potenti. In eleifend quam a odio. In hac habitasse platea dictumst.

Maecenas ut massa quis augue luctus tincidunt. Nulla mollis molestie lorem. Quisque ut erat.",4,7/25/2023,10:31 AM,2:03 PM
61,Uniform Golf Charlie Hotel Bravo Mike Zulu Delta Echo Papa Sierra Tango Whiskey Quebec,"Nam ultrices, libero non mattis pulvinar, nulla pede ullamcorper augue, a suscipit nulla elit ac nulla. Sed vel enim sit amet nunc viverra dapibus. Nulla suscipit ligula in lacus.

Curabitur at ipsum ac tellus semper interdum. Mauris ullamcorper purus sit amet nulla. Quisque arcu libero, rutrum ac, lobortis vel, dapibus at, diam.",5,10/27/2023,12:01 PM,11:33 AM
62,Foxtrot Juliett X-ray Quebec Mike Golf Hotel Delta India November Victor Zulu Yankee Oscar Whiskey Lima Romeo Echo Tango Bravo,Suspendisse potenti. In eleifend quam a odio. In hac habitasse platea dictumst.,6,6/21/2023,2:40 PM,3:51 PM
63,Echo Papa Sierra Romeo Delta Oscar Mike Yankee Victor Lima Kilo Charlie Foxtrot Whiskey Quebec,"Fusce posuere felis sed lacus. Morbi sem mauris, laoreet ut, rhoncus aliquet, pulvinar sed, nisl. Nunc rhoncus dui vel sem.

Sed sagittis. Nam congue, risus semper porta volutpat, quam pede lobortis ligula, sit amet eleifend pede libero quis orci. Nullam molestie nibh in lectus.

Pellentesque at nulla. Suspendisse potenti. Cras in purus eu magna vulputate luctus.",7,4/27/2023,12:25 PM,1:47 PM
64,Lima Foxtrot Tango Bravo Golf Yankee Juliett Mike Romeo Oscar Quebec Echo Hotel Delta November Sierra,"In congue. Etiam justo. Etiam pretium iaculis justo.

In hac habitasse platea dictumst. Etiam faucibus cursus urna. Ut tellus.",8,10/5/2023,11:32 AM,1:59 PM
65,Romeo Quebec Delta Hotel Lima Uniform Victor Yankee Bravo Mike,"Maecenas tristique, est et tempus semper, est quam pharetra magna, ac consequat metus sapien ut nunc. Vestibulum ante ipsum primis in faucibus orci luctus et ultrices posuere cubilia Curae; Mauris viverra diam vitae quam. Suspendisse potenti.

Nullam porttitor lacus at turpis. Donec posuere metus vitae ipsum. Aliquam non mauris.",1,4/27/2023,1:01 PM,6:24 PM
66,Victor Foxtrot Tango Quebec Uniform Lima Hotel Bravo Yankee Juliett Golf Kilo Papa Romeo Delta India Sierra,"Mauris enim leo, rhoncus sed, vestibulum sit amet, cursus id, turpis. Integer aliquet, massa id lobortis convallis, tortor risus dapibus augue, vel accumsan tellus nisi eu orci. Mauris lacinia sapien quis libero.

Nullam sit amet turpis elementum ligula vehicula consequat. Morbi a ipsum. Integer a nibh.",2,11/17/2023,11:54 AM,2:26 PM
67,Kilo Zulu Yankee Charlie Victor Delta Golf Bravo Echo Romeo Foxtrot Mike November Oscar X-ray Lima Quebec Hotel Papa,"Phasellus in felis. Donec semper sapien a libero. Nam dui.

Proin leo odio, porttitor id, consequat in, consequat ut, nulla. Sed accumsan felis. Ut at dolor quis odio consequat varius.

Integer ac leo. Pellentesque ultrices mattis odio. Donec vitae nisi.",3,4/22/2024,5:53 PM,5:29 PM
68,Echo Romeo Golf Kilo Juliett Foxtrot Delta India Whiskey Papa X-ray Mike Lima Yankee Victor,"Pellentesque at nulla. Suspendisse potenti. Cras in purus eu magna vulputate luctus.

Cum sociis natoque penatibus et magnis dis parturient montes, nascetur ridiculus mus. Vivamus vestibulum sagittis sapien. Cum sociis natoque penatibus et magnis dis parturient montes, nascetur ridiculus mus.",4,5/23/2024,1:36 PM,2:55 PM
69,India Uniform Tango Romeo Alfa Lima Mike Papa Foxtrot Kilo X-ray Golf Quebec Echo Whiskey,"Nulla ut erat id mauris vulputate elementum. Nullam varius. Nulla facilisi.

Cras non velit nec nisi vulputate nonummy. Maecenas tincidunt lacus at velit. Vivamus vel nulla eget eros elementum pellentesque.

Quisque porta volutpat erat. Quisque erat eros, viverra eget, congue eget, semper rutrum, nulla. Nunc purus.",5,1/12/2024,10:11 AM,10:38 AM
70,Bravo Hotel Juliett November Tango Quebec Alfa Papa Sierra Whiskey Romeo Zulu Victor India,"Donec diam neque, vestibulum eget, vulputate ut, ultrices vel, augue. Vestibulum ante ipsum primis in faucibus orci luctus et ultrices posuere cubilia Curae; Donec pharetra, magna vestibulum aliquet ultrices, erat tortor sollicitudin mi, sit amet lobortis sapien sapien non mi. Integer ac neque.

Duis bibendum. Morbi non quam nec dui luctus rutrum. Nulla tellus.",6,5/11/2023,3:39 PM,10:51 AM
71,Uniform Lima Charlie Zulu Alfa Echo Tango Hotel Bravo Yankee,"In hac habitasse platea dictumst. Morbi vestibulum, velit id pretium iaculis, diam erat fermentum justo, nec condimentum neque sapien placerat ante. Nulla justo.

Aliquam quis turpis eget elit sodales scelerisque. Mauris sit amet eros. Suspendisse accumsan tortor quis turpis.",7,12/14/2023,3:36 PM,10:11 AM
72,Bravo Victor Tango Papa Charlie Lima Hotel Delta Quebec Kilo Echo Juliett November Sierra Zulu Foxtrot Romeo Golf Alfa Whiskey,"Nullam porttitor lacus at turpis. Donec posuere metus vitae ipsum. Aliquam non mauris.

Morbi non lectus. Aliquam sit amet diam in magna bibendum imperdiet. Nullam orci pede, venenatis non, sodales sed, tincidunt eu, felis.",8,1/8/2024,2:54 PM,5:49 PM
73,Charlie Zulu Delta Tango Juliett November Sierra Alfa Kilo India Mike Hotel Romeo Papa Foxtrot Whiskey Yankee,"Duis aliquam convallis nunc. Proin at turpis a pede posuere nonummy. Integer non velit.

Donec diam neque, vestibulum eget, vulputate ut, ultrices vel, augue. Vestibulum ante ipsum primis in faucibus orci luctus et ultrices posuere cubilia Curae; Donec pharetra, magna vestibulum aliquet ultrices, erat tortor sollicitudin mi, sit amet lobortis sapien sapien non mi. Integer ac neque.",1,2/12/2024,12:56 PM,2:59 PM
74,Bravo Charlie Echo Zulu Hotel November Whiskey Victor Juliett Alfa Delta Mike,"Maecenas leo odio, condimentum id, luctus nec, molestie sed, justo. Pellentesque viverra pede ac diam. Cras pellentesque volutpat dui.",2,4/11/2023,10:32 AM,11:03 AM
75,Golf Whiskey Papa Charlie Echo Yankee Tango X-ray Bravo India Juliett Hotel Oscar Quebec,"Sed sagittis. Nam congue, risus semper porta volutpat, quam pede lobortis ligula, sit amet eleifend pede libero quis orci. Nullam molestie nibh in lectus.

Pellentesque at nulla. Suspendisse potenti. Cras in purus eu magna vulputate luctus.",3,11/5/2023,11:01 AM,3:25 PM
76,Mike Delta Sierra Zulu Kilo Alfa Echo Yankee Uniform India Foxtrot Romeo Charlie Oscar Lima Juliett Victor Tango November Hotel,"Maecenas leo odio, condimentum id, luctus nec, molestie sed, justo. Pellentesque viverra pede ac diam. Cras pellentesque volutpat dui.",4,2/14/2024,2:02 PM,2:47 PM
77,Oscar Sierra Uniform Whiskey Charlie Delta Yankee Victor Bravo Hotel Echo Juliett Foxtrot Quebec Zulu Kilo Lima,"Duis consequat dui nec nisi volutpat eleifend. Donec ut dolor. Morbi vel lectus in quam fringilla rhoncus.

Mauris enim leo, rhoncus sed, vestibulum sit amet, cursus id, turpis. Integer aliquet, massa id lobortis convallis, tortor risus dapibus augue, vel accumsan tellus nisi eu orci. Mauris lacinia sapien quis libero.",5,3/9/2024,1:23 PM,2:56 PM
78,Sierra Kilo X-ray Tango Bravo Golf Victor Hotel India Foxtrot Echo Whiskey Alfa Yankee Lima Uniform Zulu Charlie Quebec Papa,"Quisque id justo sit amet sapien dignissim vestibulum. Vestibulum ante ipsum primis in faucibus orci luctus et ultrices posuere cubilia Curae; Nulla dapibus dolor vel est. Donec odio justo, sollicitudin ut, suscipit a, feugiat et, eros.

Vestibulum ac est lacinia nisi venenatis tristique. Fusce congue, diam id ornare imperdiet, sapien urna pretium nisl, ut volutpat sapien arcu sed augue. Aliquam erat volutpat.",6,8/26/2023,12:28 PM,5:13 PM
79,Whiskey Foxtrot Lima Quebec Tango India Yankee X-ray Kilo Alfa,"Curabitur in libero ut massa volutpat convallis. Morbi odio odio, elementum eu, interdum eu, tincidunt in, leo. Maecenas pulvinar lobortis est.",7,12/13/2023,4:59 PM,11:30 AM
80,Charlie Quebec Delta Romeo Uniform Kilo Tango X-ray Oscar Foxtrot Bravo,"Duis aliquam convallis nunc. Proin at turpis a pede posuere nonummy. Integer non velit.

Donec diam neque, vestibulum eget, vulputate ut, ultrices vel, augue. Vestibulum ante ipsum primis in faucibus orci luctus et ultrices posuere cubilia Curae; Donec pharetra, magna vestibulum aliquet ultrices, erat tortor sollicitudin mi, sit amet lobortis sapien sapien non mi. Integer ac neque.",8,6/9/2024,10:46 AM,10:37 AM
81,Delta Lima Mike Alfa India Sierra Zulu Whiskey Golf Yankee,"Aliquam quis turpis eget elit sodales scelerisque. Mauris sit amet eros. Suspendisse accumsan tortor quis turpis.

Sed ante. Vivamus tortor. Duis mattis egestas metus.

Aenean fermentum. Donec ut mauris eget massa tempor convallis. Nulla neque libero, convallis eget, eleifend luctus, ultricies eu, nibh.",1,1/11/2024,12:03 PM,4:15 PM
82,Tango Whiskey Kilo Zulu Yankee November Papa Lima Golf Alfa Sierra Bravo,"Aenean fermentum. Donec ut mauris eget massa tempor convallis. Nulla neque libero, convallis eget, eleifend luctus, ultricies eu, nibh.

Quisque id justo sit amet sapien dignissim vestibulum. Vestibulum ante ipsum primis in faucibus orci luctus et ultrices posuere cubilia Curae; Nulla dapibus dolor vel est. Donec odio justo, sollicitudin ut, suscipit a, feugiat et, eros.",2,8/16/2023,10:17 AM,3:36 PM
83,Hotel Victor Juliett November Foxtrot Quebec Tango X-ray Oscar Alfa Zulu Sierra Whiskey Bravo Romeo,"In quis justo. Maecenas rhoncus aliquam lacus. Morbi quis tortor id nulla ultrices aliquet.

Maecenas leo odio, condimentum id, luctus nec, molestie sed, justo. Pellentesque viverra pede ac diam. Cras pellentesque volutpat dui.

Maecenas tristique, est et tempus semper, est quam pharetra magna, ac consequat metus sapien ut nunc. Vestibulum ante ipsum primis in faucibus orci luctus et ultrices posuere cubilia Curae; Mauris viverra diam vitae quam. Suspendisse potenti.",3,6/5/2023,3:08 PM,10:24 AM
84,Quebec Whiskey Lima Charlie India Mike Uniform Golf Zulu Papa Yankee Tango Victor Juliett November,"Proin interdum mauris non ligula pellentesque ultrices. Phasellus id sapien in sapien iaculis congue. Vivamus metus arcu, adipiscing molestie, hendrerit at, vulputate vitae, nisl.",4,2/28/2024,3:02 PM,11:12 AM
85,Delta Romeo Kilo X-ray Echo India Papa Alfa Yankee Juliett Lima Golf,"Vestibulum quam sapien, varius ut, blandit non, interdum in, ante. Vestibulum ante ipsum primis in faucibus orci luctus et ultrices posuere cubilia Curae; Duis faucibus accumsan odio. Curabitur convallis.

Duis consequat dui nec nisi volutpat eleifend. Donec ut dolor. Morbi vel lectus in quam fringilla rhoncus.

Mauris enim leo, rhoncus sed, vestibulum sit amet, cursus id, turpis. Integer aliquet, massa id lobortis convallis, tortor risus dapibus augue, vel accumsan tellus nisi eu orci. Mauris lacinia sapien quis libero.",5,4/1/2024,2:03 PM,2:45 PM
86,Sierra Delta Whiskey Oscar India Victor Foxtrot Golf Romeo Mike Zulu Echo Juliett Papa Bravo Tango November X-ray Uniform,Integer ac leo. Pellentesque ultrices mattis odio. Donec vitae nisi.,6,9/3/2023,3:38 PM,5:07 PM
87,Alfa Echo Whiskey Sierra November X-ray Hotel Papa Yankee Foxtrot Romeo Quebec Juliett Bravo Golf Lima Victor Tango Delta,"In hac habitasse platea dictumst. Morbi vestibulum, velit id pretium iaculis, diam erat fermentum justo, nec condimentum neque sapien placerat ante. Nulla justo.",7,11/5/2023,2:47 PM,3:11 PM
88,Delta Alfa Mike Lima Romeo Charlie Echo Bravo Kilo Quebec November Victor Uniform Yankee Tango Zulu Hotel Sierra,Cras non velit nec nisi vulputate nonummy. Maecenas tincidunt lacus at velit. Vivamus vel nulla eget eros elementum pellentesque.,8,12/24/2023,12:44 PM,12:41 PM
89,Delta Alfa Charlie Kilo X-ray Lima Uniform Juliett Hotel Mike Whiskey,"Proin leo odio, porttitor id, consequat in, consequat ut, nulla. Sed accumsan felis. Ut at dolor quis odio consequat varius.

Integer ac leo. Pellentesque ultrices mattis odio. Donec vitae nisi.",1,12/18/2023,5:02 PM,11:37 AM
90,Delta Romeo Oscar Quebec November India Zulu Echo Kilo Hotel Uniform Alfa Tango Juliett,"Curabitur at ipsum ac tellus semper interdum. Mauris ullamcorper purus sit amet nulla. Quisque arcu libero, rutrum ac, lobortis vel, dapibus at, diam.",2,1/16/2024,10:04 AM,10:57 AM
91,Lima Zulu Alfa Foxtrot Golf India Echo Mike Whiskey X-ray,"Cras mi pede, malesuada in, imperdiet et, commodo vulputate, justo. In blandit ultrices enim. Lorem ipsum dolor sit amet, consectetuer adipiscing elit.

Proin interdum mauris non ligula pellentesque ultrices. Phasellus id sapien in sapien iaculis congue. Vivamus metus arcu, adipiscing molestie, hendrerit at, vulputate vitae, nisl.",3,4/23/2024,12:49 PM,4:05 PM
92,Tango Uniform Quebec Yankee Oscar X-ray Delta Juliett Charlie Foxtrot Victor India November Zulu Romeo Mike Echo Hotel Papa,"Morbi non lectus. Aliquam sit amet diam in magna bibendum imperdiet. Nullam orci pede, venenatis non, sodales sed, tincidunt eu, felis.",4,12/27/2023,12:44 PM,3:30 PM
93,November Lima Zulu Oscar Whiskey X-ray Juliett Mike Uniform Romeo Kilo Bravo Yankee Sierra Hotel Papa Alfa,"Lorem ipsum dolor sit amet, consectetuer adipiscing elit. Proin risus. Praesent lectus.

Vestibulum quam sapien, varius ut, blandit non, interdum in, ante. Vestibulum ante ipsum primis in faucibus orci luctus et ultrices posuere cubilia Curae; Duis faucibus accumsan odio. Curabitur convallis.",5,1/18/2024,3:58 PM,2:08 PM
94,X-ray Hotel Charlie Golf Alfa Bravo Mike Delta Tango Foxtrot Yankee Uniform Juliett Echo Sierra,In hac habitasse platea dictumst. Etiam faucibus cursus urna. Ut tellus.,6,8/8/2023,12:44 PM,1:55 PM
95,Hotel Kilo Whiskey X-ray Quebec November India Foxtrot Oscar Tango Lima,"Cras mi pede, malesuada in, imperdiet et, commodo vulputate, justo. In blandit ultrices enim. Lorem ipsum dolor sit amet, consectetuer adipiscing elit.",7,9/26/2023,5:29 PM,1:40 PM
96,Alfa Romeo Lima Charlie Victor Foxtrot November Kilo Tango Sierra Mike Juliett Whiskey Papa Uniform Delta,"Quisque porta volutpat erat. Quisque erat eros, viverra eget, congue eget, semper rutrum, nulla. Nunc purus.

Phasellus in felis. Donec semper sapien a libero. Nam dui.",8,11/18/2023,12:46 PM,11:48 AM
97,Romeo Lima Echo Mike X-ray Golf Sierra Whiskey Bravo Papa Quebec Hotel,"In hac habitasse platea dictumst. Morbi vestibulum, velit id pretium iaculis, diam erat fermentum justo, nec condimentum neque sapien placerat ante. Nulla justo.

Aliquam quis turpis eget elit sodales scelerisque. Mauris sit amet eros. Suspendisse accumsan tortor quis turpis.

Sed ante. Vivamus tortor. Duis mattis egestas metus.",1,6/9/2023,1:42 PM,1:49 PM
98,Whiskey Bravo Foxtrot Sierra Romeo Hotel Kilo Golf Echo Victor Lima Delta Zulu India,"Suspendisse potenti. In eleifend quam a odio. In hac habitasse platea dictumst.

Maecenas ut massa quis augue luctus tincidunt. Nulla mollis molestie lorem. Quisque ut erat.",2,6/20/2024,12:15 PM,11:36 AM
99,Golf X-ray Yankee Papa Uniform Whiskey Victor Juliett Delta India Sierra Foxtrot Bravo Hotel Lima Romeo,"Quisque id justo sit amet sapien dignissim vestibulum. Vestibulum ante ipsum primis in faucibus orci luctus et ultrices posuere cubilia Curae; Nulla dapibus dolor vel est. Donec odio justo, sollicitudin ut, suscipit a, feugiat et, eros.

Vestibulum ac est lacinia nisi venenatis tristique. Fusce congue, diam id ornare imperdiet, sapien urna pretium nisl, ut volutpat sapien arcu sed augue. Aliquam erat volutpat.",3,11/13/2023,10:27 AM,5:48 PM
100,X-ray Tango Whiskey Sierra Yankee Hotel Romeo Uniform Golf Victor Alfa Echo Delta Lima India Charlie Papa,"Phasellus in felis. Donec semper sapien a libero. Nam dui.

Proin leo odio, porttitor id, consequat in, consequat ut, nulla. Sed accumsan felis. Ut at dolor quis odio consequat varius.

Integer ac leo. Pellentesque ultrices mattis odio. Donec vitae nisi.",4,4/14/2024,10:06 AM,12:52 PM
101,Juliett Mike Oscar X-ray Lima Foxtrot Romeo Yankee Echo Kilo Sierra Uniform Delta Whiskey Golf Hotel Quebec,"Cum sociis natoque penatibus et magnis dis parturient montes, nascetur ridiculus mus. Vivamus vestibulum sagittis sapien. Cum sociis natoque penatibus et magnis dis parturient montes, nascetur ridiculus mus.

Etiam vel augue. Vestibulum rutrum rutrum neque. Aenean auctor gravida sem.

Praesent id massa id nisl venenatis lacinia. Aenean sit amet justo. Morbi ut odio.",5,6/25/2024,1:30 PM,3:30 PM
102,India Tango November Foxtrot Zulu Oscar Sierra Lima Papa Charlie Uniform Golf Whiskey,"Praesent blandit. Nam nulla. Integer pede justo, lacinia eget, tincidunt eget, tempus vel, pede.

Morbi porttitor lorem id ligula. Suspendisse ornare consequat lectus. In est risus, auctor sed, tristique in, tempus sit amet, sem.",6,9/13/2023,10:48 AM,4:06 PM
103,Hotel Juliett Alfa Uniform Yankee Delta November Golf Mike Tango X-ray Foxtrot Romeo Quebec Kilo Oscar Lima Papa,"Phasellus sit amet erat. Nulla tempus. Vivamus in felis eu sapien cursus vestibulum.

Proin eu mi. Nulla ac enim. In tempor, turpis nec euismod scelerisque, quam turpis adipiscing lorem, vitae mattis nibh ligula nec sem.",7,7/5/2024,3:05 PM,11:22 AM
104,Zulu Uniform Mike November X-ray India Echo Foxtrot Sierra Quebec Papa Bravo Lima Juliett Oscar Delta Yankee Kilo Romeo Hotel,"Aenean lectus. Pellentesque eget nunc. Donec quis orci eget orci vehicula condimentum.

Curabitur in libero ut massa volutpat convallis. Morbi odio odio, elementum eu, interdum eu, tincidunt in, leo. Maecenas pulvinar lobortis est.

Phasellus sit amet erat. Nulla tempus. Vivamus in felis eu sapien cursus vestibulum.",8,9/14/2023,12:52 PM,3:33 PM
105,Foxtrot Juliett Alfa India Sierra Zulu Echo Papa Romeo Lima Oscar X-ray Mike Bravo,"Maecenas leo odio, condimentum id, luctus nec, molestie sed, justo. Pellentesque viverra pede ac diam. Cras pellentesque volutpat dui.

Maecenas tristique, est et tempus semper, est quam pharetra magna, ac consequat metus sapien ut nunc. Vestibulum ante ipsum primis in faucibus orci luctus et ultrices posuere cubilia Curae; Mauris viverra diam vitae quam. Suspendisse potenti.

Nullam porttitor lacus at turpis. Donec posuere metus vitae ipsum. Aliquam non mauris.",1,5/20/2024,11:06 AM,11:01 AM
106,Charlie Delta Bravo Juliett Quebec Lima Foxtrot Golf Whiskey India,"Aenean lectus. Pellentesque eget nunc. Donec quis orci eget orci vehicula condimentum.

Curabitur in libero ut massa volutpat convallis. Morbi odio odio, elementum eu, interdum eu, tincidunt in, leo. Maecenas pulvinar lobortis est.

Phasellus sit amet erat. Nulla tempus. Vivamus in felis eu sapien cursus vestibulum.",2,5/25/2023,4:45 PM,2:17 PM
107,November Juliett Kilo Tango Yankee X-ray India Mike Uniform Bravo Papa Hotel Quebec Echo Lima Sierra Foxtrot,"Vestibulum ac est lacinia nisi venenatis tristique. Fusce congue, diam id ornare imperdiet, sapien urna pretium nisl, ut volutpat sapien arcu sed augue. Aliquam erat volutpat.

In congue. Etiam justo. Etiam pretium iaculis justo.

In hac habitasse platea dictumst. Etiam faucibus cursus urna. Ut tellus.",3,10/3/2023,4:18 PM,1:13 PM
108,Hotel Zulu X-ray Charlie India Echo Quebec Mike Juliett Foxtrot November Delta Oscar,Nulla ut erat id mauris vulputate elementum. Nullam varius. Nulla facilisi.,4,5/16/2024,12:38 PM,4:06 PM
109,November Bravo Alfa Charlie Oscar Mike Kilo Whiskey Delta Quebec,"Nullam sit amet turpis elementum ligula vehicula consequat. Morbi a ipsum. Integer a nibh.

In quis justo. Maecenas rhoncus aliquam lacus. Morbi quis tortor id nulla ultrices aliquet.

Maecenas leo odio, condimentum id, luctus nec, molestie sed, justo. Pellentesque viverra pede ac diam. Cras pellentesque volutpat dui.",5,3/29/2024,5:08 PM,5:40 PM
110,Uniform Whiskey Oscar Romeo Quebec Echo November Kilo Papa Tango,"Duis bibendum, felis sed interdum venenatis, turpis enim blandit mi, in porttitor pede justo eu massa. Donec dapibus. Duis at velit eu est congue elementum.

In hac habitasse platea dictumst. Morbi vestibulum, velit id pretium iaculis, diam erat fermentum justo, nec condimentum neque sapien placerat ante. Nulla justo.

Aliquam quis turpis eget elit sodales scelerisque. Mauris sit amet eros. Suspendisse accumsan tortor quis turpis.",6,4/25/2023,10:56 AM,4:29 PM
111,Yankee Foxtrot Oscar Uniform Delta Romeo Papa Quebec Echo India Kilo November Alfa Mike Lima Hotel X-ray Whiskey,"In hac habitasse platea dictumst. Morbi vestibulum, velit id pretium iaculis, diam erat fermentum justo, nec condimentum neque sapien placerat ante. Nulla justo.

Aliquam quis turpis eget elit sodales scelerisque. Mauris sit amet eros. Suspendisse accumsan tortor quis turpis.

Sed ante. Vivamus tortor. Duis mattis egestas metus.",7,4/28/2023,3:11 PM,11:41 AM
112,India Tango Foxtrot Uniform Hotel Victor X-ray Papa November Delta Lima Zulu Oscar Yankee Bravo Mike Romeo,Nulla ut erat id mauris vulputate elementum. Nullam varius. Nulla facilisi.,8,12/5/2023,3:40 PM,4:36 PM
113,Echo Quebec Delta Charlie Mike Foxtrot India Alfa Zulu Hotel,"Integer tincidunt ante vel ipsum. Praesent blandit lacinia erat. Vestibulum sed magna at nunc commodo placerat.

Praesent blandit. Nam nulla. Integer pede justo, lacinia eget, tincidunt eget, tempus vel, pede.

Morbi porttitor lorem id ligula. Suspendisse ornare consequat lectus. In est risus, auctor sed, tristique in, tempus sit amet, sem.",1,5/7/2024,5:44 PM,10:48 AM
114,November Whiskey Charlie Foxtrot Romeo Kilo Alfa India Tango Hotel Golf Uniform Quebec Victor Zulu Yankee,Praesent id massa id nisl venenatis lacinia. Aenean sit amet justo. Morbi ut odio.,2,4/4/2024,1:34 PM,4:17 PM
115,Oscar Mike Sierra Echo X-ray Yankee Whiskey Papa Golf Kilo Lima Quebec India Hotel Charlie Bravo November,"Pellentesque at nulla. Suspendisse potenti. Cras in purus eu magna vulputate luctus.

Cum sociis natoque penatibus et magnis dis parturient montes, nascetur ridiculus mus. Vivamus vestibulum sagittis sapien. Cum sociis natoque penatibus et magnis dis parturient montes, nascetur ridiculus mus.",3,7/23/2023,10:49 AM,6:26 PM
116,Sierra Tango November Hotel Victor Alfa Papa Bravo Oscar Foxtrot Golf Echo India Zulu Kilo Romeo Mike Juliett Charlie Lima,"Sed sagittis. Nam congue, risus semper porta volutpat, quam pede lobortis ligula, sit amet eleifend pede libero quis orci. Nullam molestie nibh in lectus.

Pellentesque at nulla. Suspendisse potenti. Cras in purus eu magna vulputate luctus.

Cum sociis natoque penatibus et magnis dis parturient montes, nascetur ridiculus mus. Vivamus vestibulum sagittis sapien. Cum sociis natoque penatibus et magnis dis parturient montes, nascetur ridiculus mus.",4,12/9/2023,5:46 PM,12:58 PM
117,Uniform Alfa Delta Papa Mike Whiskey Bravo Oscar Kilo Zulu Quebec Juliett Victor Lima Tango Romeo India Golf,"Cras mi pede, malesuada in, imperdiet et, commodo vulputate, justo. In blandit ultrices enim. Lorem ipsum dolor sit amet, consectetuer adipiscing elit.

Proin interdum mauris non ligula pellentesque ultrices. Phasellus id sapien in sapien iaculis congue. Vivamus metus arcu, adipiscing molestie, hendrerit at, vulputate vitae, nisl.

Aenean lectus. Pellentesque eget nunc. Donec quis orci eget orci vehicula condimentum.",5,7/13/2023,11:12 AM,1:37 PM
118,Lima Whiskey India Golf Kilo Zulu Victor Quebec Echo Foxtrot,"Integer ac leo. Pellentesque ultrices mattis odio. Donec vitae nisi.

Nam ultrices, libero non mattis pulvinar, nulla pede ullamcorper augue, a suscipit nulla elit ac nulla. Sed vel enim sit amet nunc viverra dapibus. Nulla suscipit ligula in lacus.

Curabitur at ipsum ac tellus semper interdum. Mauris ullamcorper purus sit amet nulla. Quisque arcu libero, rutrum ac, lobortis vel, dapibus at, diam.",6,9/28/2023,3:31 PM,5:27 PM
119,Delta Victor Bravo Echo Charlie Foxtrot Kilo Lima Yankee Oscar Mike Golf Alfa,"In hac habitasse platea dictumst. Morbi vestibulum, velit id pretium iaculis, diam erat fermentum justo, nec condimentum neque sapien placerat ante. Nulla justo.",7,1/17/2024,12:04 PM,2:26 PM
120,Charlie Juliett Hotel Victor X-ray Bravo Romeo Quebec Whiskey Oscar November Yankee Mike Lima Tango Golf,"Curabitur at ipsum ac tellus semper interdum. Mauris ullamcorper purus sit amet nulla. Quisque arcu libero, rutrum ac, lobortis vel, dapibus at, diam.",8,6/22/2023,12:20 PM,11:54 AM
121,Echo Alfa Hotel Golf Tango Quebec Mike Romeo Oscar Charlie Lima Whiskey Delta Zulu Yankee X-ray Bravo Foxtrot,"Pellentesque at nulla. Suspendisse potenti. Cras in purus eu magna vulputate luctus.

Cum sociis natoque penatibus et magnis dis parturient montes, nascetur ridiculus mus. Vivamus vestibulum sagittis sapien. Cum sociis natoque penatibus et magnis dis parturient montes, nascetur ridiculus mus.",1,6/7/2023,11:45 AM,2:03 PM
122,Sierra Golf November Yankee Kilo Alfa Bravo Foxtrot Victor Zulu Juliett Lima Uniform Papa Oscar Hotel Tango,"Cum sociis natoque penatibus et magnis dis parturient montes, nascetur ridiculus mus. Vivamus vestibulum sagittis sapien. Cum sociis natoque penatibus et magnis dis parturient montes, nascetur ridiculus mus.

Etiam vel augue. Vestibulum rutrum rutrum neque. Aenean auctor gravida sem.

Praesent id massa id nisl venenatis lacinia. Aenean sit amet justo. Morbi ut odio.",2,6/15/2024,11:31 AM,2:09 PM
123,Victor Charlie Hotel Mike Sierra Zulu Whiskey Delta Alfa Golf Yankee Lima X-ray Romeo Bravo,"Curabitur gravida nisi at nibh. In hac habitasse platea dictumst. Aliquam augue quam, sollicitudin vitae, consectetuer eget, rutrum at, lorem.

Integer tincidunt ante vel ipsum. Praesent blandit lacinia erat. Vestibulum sed magna at nunc commodo placerat.

Praesent blandit. Nam nulla. Integer pede justo, lacinia eget, tincidunt eget, tempus vel, pede.",3,9/23/2023,6:01 PM,4:59 PM
124,Uniform Lima Charlie Delta Echo Quebec Bravo Mike Whiskey Juliett Alfa Victor Romeo Hotel Golf,"Fusce consequat. Nulla nisl. Nunc nisl.

Duis bibendum, felis sed interdum venenatis, turpis enim blandit mi, in porttitor pede justo eu massa. Donec dapibus. Duis at velit eu est congue elementum.",4,3/25/2024,10:43 AM,10:09 AM
125,November Sierra Echo Romeo Yankee Lima X-ray Charlie Juliett Bravo Mike India Delta Whiskey Uniform Papa Oscar Tango Hotel Golf,"Sed sagittis. Nam congue, risus semper porta volutpat, quam pede lobortis ligula, sit amet eleifend pede libero quis orci. Nullam molestie nibh in lectus.

Pellentesque at nulla. Suspendisse potenti. Cras in purus eu magna vulputate luctus.

Cum sociis natoque penatibus et magnis dis parturient montes, nascetur ridiculus mus. Vivamus vestibulum sagittis sapien. Cum sociis natoque penatibus et magnis dis parturient montes, nascetur ridiculus mus.",5,8/18/2023,5:36 PM,3:00 PM
126,Tango November Golf Sierra Oscar Charlie Zulu Romeo Victor Uniform X-ray Delta India,"Duis bibendum, felis sed interdum venenatis, turpis enim blandit mi, in porttitor pede justo eu massa. Donec dapibus. Duis at velit eu est congue elementum.

In hac habitasse platea dictumst. Morbi vestibulum, velit id pretium iaculis, diam erat fermentum justo, nec condimentum neque sapien placerat ante. Nulla justo.",6,3/14/2024,5:03 PM,4:44 PM
127,Charlie Zulu Golf Lima Juliett X-ray Foxtrot Kilo Oscar Papa Delta,"Duis bibendum, felis sed interdum venenatis, turpis enim blandit mi, in porttitor pede justo eu massa. Donec dapibus. Duis at velit eu est congue elementum.

In hac habitasse platea dictumst. Morbi vestibulum, velit id pretium iaculis, diam erat fermentum justo, nec condimentum neque sapien placerat ante. Nulla justo.

Aliquam quis turpis eget elit sodales scelerisque. Mauris sit amet eros. Suspendisse accumsan tortor quis turpis.",7,4/28/2023,10:28 AM,3:11 PM
128,November Oscar Bravo Charlie India Delta Kilo Quebec Whiskey Juliett Uniform Alfa Foxtrot Sierra Hotel Echo Mike Victor,"Proin interdum mauris non ligula pellentesque ultrices. Phasellus id sapien in sapien iaculis congue. Vivamus metus arcu, adipiscing molestie, hendrerit at, vulputate vitae, nisl.

Aenean lectus. Pellentesque eget nunc. Donec quis orci eget orci vehicula condimentum.",8,11/15/2023,5:15 PM,3:48 PM
129,Mike Juliett X-ray Echo Foxtrot Tango Golf Quebec India Whiskey Charlie Oscar Bravo Uniform Romeo Kilo November Sierra Alfa Hotel,"Pellentesque at nulla. Suspendisse potenti. Cras in purus eu magna vulputate luctus.

Cum sociis natoque penatibus et magnis dis parturient montes, nascetur ridiculus mus. Vivamus vestibulum sagittis sapien. Cum sociis natoque penatibus et magnis dis parturient montes, nascetur ridiculus mus.

Etiam vel augue. Vestibulum rutrum rutrum neque. Aenean auctor gravida sem.",1,7/18/2023,3:26 PM,2:30 PM
130,Bravo Mike Hotel Charlie Sierra X-ray Zulu Quebec India Whiskey Uniform Echo,"Cras mi pede, malesuada in, imperdiet et, commodo vulputate, justo. In blandit ultrices enim. Lorem ipsum dolor sit amet, consectetuer adipiscing elit.

Proin interdum mauris non ligula pellentesque ultrices. Phasellus id sapien in sapien iaculis congue. Vivamus metus arcu, adipiscing molestie, hendrerit at, vulputate vitae, nisl.",2,8/27/2023,2:18 PM,5:37 PM
131,Golf Lima Sierra Delta Quebec Papa Yankee Oscar Hotel Tango Alfa November India Zulu Victor Bravo Juliett X-ray Kilo,"Nulla ut erat id mauris vulputate elementum. Nullam varius. Nulla facilisi.

Cras non velit nec nisi vulputate nonummy. Maecenas tincidunt lacus at velit. Vivamus vel nulla eget eros elementum pellentesque.",3,7/15/2023,12:36 PM,3:40 PM
132,Tango Uniform Golf India Foxtrot Romeo November Charlie Zulu Whiskey Hotel Quebec Bravo Juliett X-ray Oscar Delta Mike,"Maecenas tristique, est et tempus semper, est quam pharetra magna, ac consequat metus sapien ut nunc. Vestibulum ante ipsum primis in faucibus orci luctus et ultrices posuere cubilia Curae; Mauris viverra diam vitae quam. Suspendisse potenti.

Nullam porttitor lacus at turpis. Donec posuere metus vitae ipsum. Aliquam non mauris.

Morbi non lectus. Aliquam sit amet diam in magna bibendum imperdiet. Nullam orci pede, venenatis non, sodales sed, tincidunt eu, felis.",4,9/18/2023,10:30 AM,10:12 AM
133,Tango Quebec Yankee Delta Golf X-ray India Whiskey Mike Charlie Bravo Hotel Oscar Juliett Sierra Kilo Victor Echo,"Curabitur at ipsum ac tellus semper interdum. Mauris ullamcorper purus sit amet nulla. Quisque arcu libero, rutrum ac, lobortis vel, dapibus at, diam.",5,6/16/2023,2:05 PM,2:17 PM
134,Echo Foxtrot Sierra Delta Romeo Bravo November Papa Oscar Charlie Hotel Tango Yankee Quebec Whiskey Juliett Uniform Golf Lima,"Morbi non lectus. Aliquam sit amet diam in magna bibendum imperdiet. Nullam orci pede, venenatis non, sodales sed, tincidunt eu, felis.

Fusce posuere felis sed lacus. Morbi sem mauris, laoreet ut, rhoncus aliquet, pulvinar sed, nisl. Nunc rhoncus dui vel sem.",6,4/25/2023,2:03 PM,3:21 PM
135,Alfa Yankee Delta Uniform Kilo Whiskey Echo Papa Sierra Juliett X-ray Quebec Charlie Romeo Foxtrot Zulu,"Mauris enim leo, rhoncus sed, vestibulum sit amet, cursus id, turpis. Integer aliquet, massa id lobortis convallis, tortor risus dapibus augue, vel accumsan tellus nisi eu orci. Mauris lacinia sapien quis libero.

Nullam sit amet turpis elementum ligula vehicula consequat. Morbi a ipsum. Integer a nibh.

In quis justo. Maecenas rhoncus aliquam lacus. Morbi quis tortor id nulla ultrices aliquet.",7,6/16/2024,4:01 PM,5:22 PM
136,Oscar Juliett Whiskey Papa Golf Tango Victor Foxtrot Charlie November Alfa Sierra Uniform Mike Delta Kilo Yankee Bravo India,"Nullam sit amet turpis elementum ligula vehicula consequat. Morbi a ipsum. Integer a nibh.

In quis justo. Maecenas rhoncus aliquam lacus. Morbi quis tortor id nulla ultrices aliquet.",8,11/16/2023,3:21 PM,11:20 AM
137,Papa Whiskey November Golf Romeo Delta Oscar Sierra Alfa India Kilo Juliett X-ray Uniform Hotel Victor Tango Yankee Charlie Echo,"Quisque id justo sit amet sapien dignissim vestibulum. Vestibulum ante ipsum primis in faucibus orci luctus et ultrices posuere cubilia Curae; Nulla dapibus dolor vel est. Donec odio justo, sollicitudin ut, suscipit a, feugiat et, eros.

Vestibulum ac est lacinia nisi venenatis tristique. Fusce congue, diam id ornare imperdiet, sapien urna pretium nisl, ut volutpat sapien arcu sed augue. Aliquam erat volutpat.

In congue. Etiam justo. Etiam pretium iaculis justo.",1,4/10/2023,4:34 PM,1:52 PM
138,Sierra Charlie Yankee November Delta Kilo India Foxtrot Echo Oscar X-ray Bravo Hotel Quebec Uniform,Phasellus sit amet erat. Nulla tempus. Vivamus in felis eu sapien cursus vestibulum.,2,11/30/2023,3:23 PM,1:24 PM
139,Foxtrot Echo Papa India Lima Zulu Mike Bravo Delta Yankee November Kilo Uniform,In hac habitasse platea dictumst. Etiam faucibus cursus urna. Ut tellus.,3,3/16/2024,4:09 PM,2:16 PM
140,India November Papa Zulu Bravo Tango Hotel Yankee Alfa Mike X-ray Victor Sierra Kilo Lima Charlie,"Mauris enim leo, rhoncus sed, vestibulum sit amet, cursus id, turpis. Integer aliquet, massa id lobortis convallis, tortor risus dapibus augue, vel accumsan tellus nisi eu orci. Mauris lacinia sapien quis libero.",4,5/11/2023,11:52 AM,2:43 PM
141,Alfa Lima Zulu Charlie Uniform Tango Romeo Quebec India Hotel X-ray Oscar,"Maecenas leo odio, condimentum id, luctus nec, molestie sed, justo. Pellentesque viverra pede ac diam. Cras pellentesque volutpat dui.

Maecenas tristique, est et tempus semper, est quam pharetra magna, ac consequat metus sapien ut nunc. Vestibulum ante ipsum primis in faucibus orci luctus et ultrices posuere cubilia Curae; Mauris viverra diam vitae quam. Suspendisse potenti.

Nullam porttitor lacus at turpis. Donec posuere metus vitae ipsum. Aliquam non mauris.",5,12/30/2023,1:13 PM,1:21 PM
142,Sierra Hotel Bravo Papa Mike Uniform Quebec Kilo Lima Alfa Zulu Romeo Victor Yankee November,"Mauris enim leo, rhoncus sed, vestibulum sit amet, cursus id, turpis. Integer aliquet, massa id lobortis convallis, tortor risus dapibus augue, vel accumsan tellus nisi eu orci. Mauris lacinia sapien quis libero.",6,5/28/2024,2:06 PM,10:19 AM
143,Delta Zulu Tango India Uniform Romeo November Victor Mike Quebec Kilo Bravo Juliett Oscar Yankee Foxtrot Hotel Papa Echo,"In hac habitasse platea dictumst. Morbi vestibulum, velit id pretium iaculis, diam erat fermentum justo, nec condimentum neque sapien placerat ante. Nulla justo.

Aliquam quis turpis eget elit sodales scelerisque. Mauris sit amet eros. Suspendisse accumsan tortor quis turpis.",7,12/8/2023,1:25 PM,4:50 PM
144,Uniform Foxtrot Papa X-ray Golf Hotel Romeo Delta Bravo Charlie November India Oscar Juliett Lima Yankee,"Cum sociis natoque penatibus et magnis dis parturient montes, nascetur ridiculus mus. Vivamus vestibulum sagittis sapien. Cum sociis natoque penatibus et magnis dis parturient montes, nascetur ridiculus mus.",8,6/19/2023,4:24 PM,5:26 PM
145,Victor Bravo Lima Sierra X-ray Juliett India Hotel Foxtrot Golf Charlie Zulu Yankee Romeo,"In hac habitasse platea dictumst. Etiam faucibus cursus urna. Ut tellus.

Nulla ut erat id mauris vulputate elementum. Nullam varius. Nulla facilisi.",1,5/4/2024,2:44 PM,2:21 PM
146,Bravo Papa Zulu Sierra Tango Oscar Whiskey Lima Kilo Uniform Hotel India Mike,"In sagittis dui vel nisl. Duis ac nibh. Fusce lacus purus, aliquet at, feugiat non, pretium quis, lectus.

Suspendisse potenti. In eleifend quam a odio. In hac habitasse platea dictumst.",2,12/25/2023,3:44 PM,3:57 PM
147,Hotel November Romeo Oscar Whiskey Echo India Uniform Bravo Delta,"Duis consequat dui nec nisi volutpat eleifend. Donec ut dolor. Morbi vel lectus in quam fringilla rhoncus.

Mauris enim leo, rhoncus sed, vestibulum sit amet, cursus id, turpis. Integer aliquet, massa id lobortis convallis, tortor risus dapibus augue, vel accumsan tellus nisi eu orci. Mauris lacinia sapien quis libero.",3,2/12/2024,2:26 PM,1:24 PM
148,Mike Romeo Uniform Yankee Lima Golf Sierra X-ray Hotel Oscar Echo,"Quisque id justo sit amet sapien dignissim vestibulum. Vestibulum ante ipsum primis in faucibus orci luctus et ultrices posuere cubilia Curae; Nulla dapibus dolor vel est. Donec odio justo, sollicitudin ut, suscipit a, feugiat et, eros.

Vestibulum ac est lacinia nisi venenatis tristique. Fusce congue, diam id ornare imperdiet, sapien urna pretium nisl, ut volutpat sapien arcu sed augue. Aliquam erat volutpat.",4,4/29/2023,12:28 PM,12:47 PM
149,Bravo Kilo Oscar Lima Mike Victor Hotel Romeo India Uniform Foxtrot Delta Yankee Charlie X-ray,"Cum sociis natoque penatibus et magnis dis parturient montes, nascetur ridiculus mus. Vivamus vestibulum sagittis sapien. Cum sociis natoque penatibus et magnis dis parturient montes, nascetur ridiculus mus.

Etiam vel augue. Vestibulum rutrum rutrum neque. Aenean auctor gravida sem.",5,5/17/2024,4:15 PM,2:22 PM
150,Uniform Oscar Tango Bravo Hotel Romeo Delta Quebec X-ray Lima Mike Sierra India Zulu Juliett Victor Echo Alfa,"Curabitur in libero ut massa volutpat convallis. Morbi odio odio, elementum eu, interdum eu, tincidunt in, leo. Maecenas pulvinar lobortis est.",6,4/3/2024,5:03 PM,10:50 AM
151,Yankee Sierra Mike Alfa Hotel Papa Zulu Lima Victor Quebec Echo India Tango Bravo Charlie Delta Kilo Foxtrot November,"Fusce consequat. Nulla nisl. Nunc nisl.

Duis bibendum, felis sed interdum venenatis, turpis enim blandit mi, in porttitor pede justo eu massa. Donec dapibus. Duis at velit eu est congue elementum.

In hac habitasse platea dictumst. Morbi vestibulum, velit id pretium iaculis, diam erat fermentum justo, nec condimentum neque sapien placerat ante. Nulla justo.",7,3/15/2024,3:39 PM,11:06 AM
152,Hotel India Papa Delta Zulu Whiskey Lima November Alfa Golf Charlie Oscar Sierra,"Maecenas tristique, est et tempus semper, est quam pharetra magna, ac consequat metus sapien ut nunc. Vestibulum ante ipsum primis in faucibus orci luctus et ultrices posuere cubilia Curae; Mauris viverra diam vitae quam. Suspendisse potenti.",8,5/31/2024,1:40 PM,2:18 PM
153,Hotel Bravo Juliett X-ray Charlie Romeo Victor November Zulu Sierra Alfa Echo,"Curabitur in libero ut massa volutpat convallis. Morbi odio odio, elementum eu, interdum eu, tincidunt in, leo. Maecenas pulvinar lobortis est.

Phasellus sit amet erat. Nulla tempus. Vivamus in felis eu sapien cursus vestibulum.

Proin eu mi. Nulla ac enim. In tempor, turpis nec euismod scelerisque, quam turpis adipiscing lorem, vitae mattis nibh ligula nec sem.",1,2/29/2024,4:29 PM,10:59 AM
154,Papa India Sierra Charlie Bravo Delta Victor Kilo Golf Hotel,"Morbi porttitor lorem id ligula. Suspendisse ornare consequat lectus. In est risus, auctor sed, tristique in, tempus sit amet, sem.",2,1/13/2024,4:41 PM,1:22 PM
155,Tango Papa Zulu Victor Whiskey Alfa Romeo Oscar Kilo Sierra Hotel Uniform Yankee Juliett Bravo Lima,"Cras mi pede, malesuada in, imperdiet et, commodo vulputate, justo. In blandit ultrices enim. Lorem ipsum dolor sit amet, consectetuer adipiscing elit.

Proin interdum mauris non ligula pellentesque ultrices. Phasellus id sapien in sapien iaculis congue. Vivamus metus arcu, adipiscing molestie, hendrerit at, vulputate vitae, nisl.",3,7/5/2023,11:23 AM,5:53 PM
156,Papa Mike India Yankee X-ray Whiskey Sierra Golf Echo Oscar Uniform Hotel Tango Lima Foxtrot,Etiam vel augue. Vestibulum rutrum rutrum neque. Aenean auctor gravida sem.,4,6/21/2023,11:27 AM,3:21 PM
157,November Kilo Quebec Romeo Lima Uniform Victor Foxtrot Juliett Hotel Golf Echo Alfa,"Mauris enim leo, rhoncus sed, vestibulum sit amet, cursus id, turpis. Integer aliquet, massa id lobortis convallis, tortor risus dapibus augue, vel accumsan tellus nisi eu orci. Mauris lacinia sapien quis libero.

Nullam sit amet turpis elementum ligula vehicula consequat. Morbi a ipsum. Integer a nibh.",5,4/24/2023,10:33 AM,4:13 PM
158,Mike India Juliett Papa Whiskey Tango X-ray Oscar Lima Yankee November Victor Bravo Delta Uniform Zulu Foxtrot Golf Charlie Hotel,"Morbi non lectus. Aliquam sit amet diam in magna bibendum imperdiet. Nullam orci pede, venenatis non, sodales sed, tincidunt eu, felis.

Fusce posuere felis sed lacus. Morbi sem mauris, laoreet ut, rhoncus aliquet, pulvinar sed, nisl. Nunc rhoncus dui vel sem.",6,5/23/2024,12:34 PM,5:51 PM
159,Papa Oscar Alfa Yankee Kilo X-ray Echo Zulu Golf Bravo Foxtrot Mike November,Nullam porttitor lacus at turpis. Donec posuere metus vitae ipsum. Aliquam non mauris.,7,8/14/2023,11:42 AM,12:16 PM
160,Zulu Hotel India Whiskey Bravo Kilo Echo Romeo Tango Yankee Victor Golf Papa November Oscar Alfa Juliett Lima Mike Foxtrot,"In quis justo. Maecenas rhoncus aliquam lacus. Morbi quis tortor id nulla ultrices aliquet.

Maecenas leo odio, condimentum id, luctus nec, molestie sed, justo. Pellentesque viverra pede ac diam. Cras pellentesque volutpat dui.",8,1/6/2024,3:17 PM,1:30 PM
161,Uniform Sierra Quebec Bravo Juliett Victor Mike Whiskey Yankee Delta,Integer tincidunt ante vel ipsum. Praesent blandit lacinia erat. Vestibulum sed magna at nunc commodo placerat.,1,6/6/2024,3:38 PM,11:13 AM
162,X-ray Delta Victor Foxtrot Mike Juliett Yankee Whiskey Quebec Zulu Bravo Golf,Nullam sit amet turpis elementum ligula vehicula consequat. Morbi a ipsum. Integer a nibh.,2,10/17/2023,2:30 PM,12:18 PM
163,Mike Lima November Golf X-ray Tango Zulu Alfa Delta Whiskey Hotel Sierra Victor Romeo Quebec Kilo Oscar Foxtrot Echo,"Aliquam quis turpis eget elit sodales scelerisque. Mauris sit amet eros. Suspendisse accumsan tortor quis turpis.

Sed ante. Vivamus tortor. Duis mattis egestas metus.

Aenean fermentum. Donec ut mauris eget massa tempor convallis. Nulla neque libero, convallis eget, eleifend luctus, ultricies eu, nibh.",3,6/2/2024,1:42 PM,11:58 AM
164,Oscar Lima Papa Hotel Yankee Golf Sierra Mike India X-ray Zulu Delta Quebec Romeo Juliett Tango Whiskey Charlie Echo,"Fusce posuere felis sed lacus. Morbi sem mauris, laoreet ut, rhoncus aliquet, pulvinar sed, nisl. Nunc rhoncus dui vel sem.

Sed sagittis. Nam congue, risus semper porta volutpat, quam pede lobortis ligula, sit amet eleifend pede libero quis orci. Nullam molestie nibh in lectus.

Pellentesque at nulla. Suspendisse potenti. Cras in purus eu magna vulputate luctus.",4,10/5/2023,10:59 AM,5:12 PM
165,Zulu Lima Echo Mike Sierra Yankee Hotel Foxtrot Golf Juliett Delta Kilo Charlie Tango Oscar November Papa India Uniform,"Vestibulum ac est lacinia nisi venenatis tristique. Fusce congue, diam id ornare imperdiet, sapien urna pretium nisl, ut volutpat sapien arcu sed augue. Aliquam erat volutpat.",5,7/18/2023,10:55 AM,6:06 PM
166,Echo Mike Lima Golf Bravo Delta Uniform Yankee Papa Kilo Romeo Alfa,"Cras mi pede, malesuada in, imperdiet et, commodo vulputate, justo. In blandit ultrices enim. Lorem ipsum dolor sit amet, consectetuer adipiscing elit.

Proin interdum mauris non ligula pellentesque ultrices. Phasellus id sapien in sapien iaculis congue. Vivamus metus arcu, adipiscing molestie, hendrerit at, vulputate vitae, nisl.",6,5/16/2024,11:56 AM,1:12 PM
167,Foxtrot Bravo Sierra Hotel X-ray India Yankee Victor Quebec Oscar Juliett Romeo Uniform Mike Kilo Whiskey Lima Echo Charlie Alfa,"Lorem ipsum dolor sit amet, consectetuer adipiscing elit. Proin risus. Praesent lectus.",7,9/7/2023,5:23 PM,6:05 PM
168,X-ray Quebec Sierra November Alfa Charlie Bravo Juliett Golf Kilo Foxtrot Whiskey Victor India Yankee Zulu Tango Delta Mike,"Duis bibendum, felis sed interdum venenatis, turpis enim blandit mi, in porttitor pede justo eu massa. Donec dapibus. Duis at velit eu est congue elementum.",8,8/24/2023,2:52 PM,6:15 PM
169,Golf Lima Delta Kilo Sierra Quebec Alfa Oscar Mike India X-ray Yankee Hotel Tango Zulu Charlie Papa Echo Uniform,"Vestibulum quam sapien, varius ut, blandit non, interdum in, ante. Vestibulum ante ipsum primis in faucibus orci luctus et ultrices posuere cubilia Curae; Duis faucibus accumsan odio. Curabitur convallis.",1,6/15/2023,1:44 PM,11:33 AM
170,India X-ray Kilo Yankee Juliett Echo Papa Lima Bravo Hotel Whiskey,"In congue. Etiam justo. Etiam pretium iaculis justo.

In hac habitasse platea dictumst. Etiam faucibus cursus urna. Ut tellus.

Nulla ut erat id mauris vulputate elementum. Nullam varius. Nulla facilisi.",2,12/5/2023,1:25 PM,2:27 PM
171,Kilo India Sierra November Delta Echo Quebec Golf Whiskey Zulu Juliett,Pellentesque at nulla. Suspendisse potenti. Cras in purus eu magna vulputate luctus.,3,10/27/2023,3:26 PM,3:20 PM
172,Mike Lima Delta Uniform Tango Golf Victor Zulu India Sierra Juliett Papa Yankee Charlie Kilo Quebec November Alfa,"Curabitur gravida nisi at nibh. In hac habitasse platea dictumst. Aliquam augue quam, sollicitudin vitae, consectetuer eget, rutrum at, lorem.",4,9/17/2023,5:09 PM,4:23 PM
173,Lima Juliett Whiskey Charlie Tango Foxtrot Hotel Yankee Mike Victor Quebec Bravo Echo Romeo Zulu Papa Sierra India Alfa,"Morbi porttitor lorem id ligula. Suspendisse ornare consequat lectus. In est risus, auctor sed, tristique in, tempus sit amet, sem.",5,8/23/2023,1:55 PM,6:14 PM
174,Hotel Foxtrot Juliett X-ray Echo Kilo Mike Delta Zulu Lima Yankee November Sierra,"Praesent blandit. Nam nulla. Integer pede justo, lacinia eget, tincidunt eget, tempus vel, pede.

Morbi porttitor lorem id ligula. Suspendisse ornare consequat lectus. In est risus, auctor sed, tristique in, tempus sit amet, sem.",6,2/18/2024,12:56 PM,11:02 AM
175,Sierra Golf Bravo Lima Yankee X-ray Foxtrot Kilo Juliett Tango,"Nullam sit amet turpis elementum ligula vehicula consequat. Morbi a ipsum. Integer a nibh.

In quis justo. Maecenas rhoncus aliquam lacus. Morbi quis tortor id nulla ultrices aliquet.",7,7/6/2023,5:59 PM,10:27 AM
176,Zulu Romeo Papa Lima Uniform Juliett Bravo Whiskey Delta Alfa India Victor Golf Yankee Charlie Sierra Quebec Kilo,Etiam vel augue. Vestibulum rutrum rutrum neque. Aenean auctor gravida sem.,8,6/27/2023,11:43 AM,11:22 AM
177,Oscar Hotel Golf Victor Juliett Bravo Foxtrot Uniform Kilo Quebec Lima Romeo,"Vestibulum ac est lacinia nisi venenatis tristique. Fusce congue, diam id ornare imperdiet, sapien urna pretium nisl, ut volutpat sapien arcu sed augue. Aliquam erat volutpat.

In congue. Etiam justo. Etiam pretium iaculis justo.",1,8/17/2023,11:19 AM,1:06 PM
178,India Romeo Lima Oscar Juliett Golf Zulu Delta Yankee Sierra Victor Uniform Foxtrot,"Nulla ut erat id mauris vulputate elementum. Nullam varius. Nulla facilisi.

Cras non velit nec nisi vulputate nonummy. Maecenas tincidunt lacus at velit. Vivamus vel nulla eget eros elementum pellentesque.",2,9/18/2023,10:46 AM,1:44 PM
179,Hotel Foxtrot Mike Zulu Sierra Golf Bravo X-ray Juliett Kilo Quebec Tango,"Curabitur gravida nisi at nibh. In hac habitasse platea dictumst. Aliquam augue quam, sollicitudin vitae, consectetuer eget, rutrum at, lorem.

Integer tincidunt ante vel ipsum. Praesent blandit lacinia erat. Vestibulum sed magna at nunc commodo placerat.",3,4/9/2023,1:27 PM,4:11 PM
180,Alfa Uniform Delta Mike Sierra Whiskey India Romeo Zulu Lima Quebec Victor Foxtrot,"Sed sagittis. Nam congue, risus semper porta volutpat, quam pede lobortis ligula, sit amet eleifend pede libero quis orci. Nullam molestie nibh in lectus.

Pellentesque at nulla. Suspendisse potenti. Cras in purus eu magna vulputate luctus.

Cum sociis natoque penatibus et magnis dis parturient montes, nascetur ridiculus mus. Vivamus vestibulum sagittis sapien. Cum sociis natoque penatibus et magnis dis parturient montes, nascetur ridiculus mus.",4,11/7/2023,3:55 PM,12:53 PM
181,Victor Hotel Alfa Bravo Quebec Juliett Zulu Foxtrot Mike X-ray Echo Lima Romeo Golf India Delta Sierra Yankee Whiskey,"Fusce posuere felis sed lacus. Morbi sem mauris, laoreet ut, rhoncus aliquet, pulvinar sed, nisl. Nunc rhoncus dui vel sem.

Sed sagittis. Nam congue, risus semper porta volutpat, quam pede lobortis ligula, sit amet eleifend pede libero quis orci. Nullam molestie nibh in lectus.",5,6/19/2024,12:01 PM,11:21 AM
182,Kilo Charlie Golf Whiskey Zulu Romeo Juliett Delta Quebec Yankee Alfa Hotel Bravo Papa,Integer tincidunt ante vel ipsum. Praesent blandit lacinia erat. Vestibulum sed magna at nunc commodo placerat.,6,5/2/2024,11:05 AM,12:13 PM
183,Romeo Alfa Victor Golf Whiskey Lima Oscar Quebec Sierra Charlie Kilo Foxtrot Yankee Echo X-ray Uniform Bravo November Delta India,"Nullam sit amet turpis elementum ligula vehicula consequat. Morbi a ipsum. Integer a nibh.

In quis justo. Maecenas rhoncus aliquam lacus. Morbi quis tortor id nulla ultrices aliquet.

Maecenas leo odio, condimentum id, luctus nec, molestie sed, justo. Pellentesque viverra pede ac diam. Cras pellentesque volutpat dui.",7,4/15/2023,1:47 PM,12:52 PM
184,Romeo Victor Foxtrot Kilo Bravo Yankee November Charlie Papa Lima,"Morbi porttitor lorem id ligula. Suspendisse ornare consequat lectus. In est risus, auctor sed, tristique in, tempus sit amet, sem.

Fusce consequat. Nulla nisl. Nunc nisl.",8,8/24/2023,4:03 PM,12:04 PM
185,Delta Victor Papa Echo Zulu Charlie Foxtrot Mike Bravo Yankee Hotel Tango Oscar Romeo India Quebec X-ray,"Cum sociis natoque penatibus et magnis dis parturient montes, nascetur ridiculus mus. Vivamus vestibulum sagittis sapien. Cum sociis natoque penatibus et magnis dis parturient montes, nascetur ridiculus mus.",1,6/2/2023,4:08 PM,2:39 PM
186,Victor Juliett Uniform Lima Tango India Mike Sierra X-ray Echo Alfa Oscar Foxtrot Bravo November Romeo Quebec Kilo Charlie,"Vestibulum quam sapien, varius ut, blandit non, interdum in, ante. Vestibulum ante ipsum primis in faucibus orci luctus et ultrices posuere cubilia Curae; Duis faucibus accumsan odio. Curabitur convallis.

Duis consequat dui nec nisi volutpat eleifend. Donec ut dolor. Morbi vel lectus in quam fringilla rhoncus.

Mauris enim leo, rhoncus sed, vestibulum sit amet, cursus id, turpis. Integer aliquet, massa id lobortis convallis, tortor risus dapibus augue, vel accumsan tellus nisi eu orci. Mauris lacinia sapien quis libero.",2,5/5/2023,12:58 PM,2:55 PM
187,Romeo Tango Oscar Hotel Papa India Uniform Bravo Kilo Golf Quebec Victor Sierra Whiskey Mike Lima November Delta Alfa,"Mauris enim leo, rhoncus sed, vestibulum sit amet, cursus id, turpis. Integer aliquet, massa id lobortis convallis, tortor risus dapibus augue, vel accumsan tellus nisi eu orci. Mauris lacinia sapien quis libero.",3,7/3/2023,5:12 PM,4:46 PM
188,Uniform November Hotel Whiskey Delta Papa Charlie Sierra Alfa Juliett Lima Golf Victor Romeo Kilo Yankee Mike,"Proin interdum mauris non ligula pellentesque ultrices. Phasellus id sapien in sapien iaculis congue. Vivamus metus arcu, adipiscing molestie, hendrerit at, vulputate vitae, nisl.",4,5/31/2024,10:02 AM,2:48 PM
189,Charlie Echo Papa Oscar Juliett Alfa Tango Romeo Whiskey Hotel Yankee Foxtrot,"Curabitur gravida nisi at nibh. In hac habitasse platea dictumst. Aliquam augue quam, sollicitudin vitae, consectetuer eget, rutrum at, lorem.

Integer tincidunt ante vel ipsum. Praesent blandit lacinia erat. Vestibulum sed magna at nunc commodo placerat.

Praesent blandit. Nam nulla. Integer pede justo, lacinia eget, tincidunt eget, tempus vel, pede.",5,5/25/2024,4:49 PM,12:43 PM
190,Charlie Golf Alfa Delta Foxtrot Hotel November Victor Sierra Romeo Juliett,"Proin leo odio, porttitor id, consequat in, consequat ut, nulla. Sed accumsan felis. Ut at dolor quis odio consequat varius.

Integer ac leo. Pellentesque ultrices mattis odio. Donec vitae nisi.",6,8/18/2023,5:28 PM,10:34 AM
191,Bravo Victor Lima Tango Echo Oscar Papa Sierra Yankee Alfa Golf November,"Cras non velit nec nisi vulputate nonummy. Maecenas tincidunt lacus at velit. Vivamus vel nulla eget eros elementum pellentesque.

Quisque porta volutpat erat. Quisque erat eros, viverra eget, congue eget, semper rutrum, nulla. Nunc purus.",7,5/31/2023,4:27 PM,12:29 PM
192,Echo Juliett Romeo Quebec Golf Sierra Victor Foxtrot Hotel Delta Papa Oscar Charlie November Uniform Mike Bravo Alfa,"Phasellus sit amet erat. Nulla tempus. Vivamus in felis eu sapien cursus vestibulum.

Proin eu mi. Nulla ac enim. In tempor, turpis nec euismod scelerisque, quam turpis adipiscing lorem, vitae mattis nibh ligula nec sem.",8,6/7/2024,12:00 PM,10:31 AM
193,Echo Golf Lima Sierra Foxtrot Victor Oscar Yankee X-ray Kilo Charlie Bravo November Tango Alfa,"In hac habitasse platea dictumst. Morbi vestibulum, velit id pretium iaculis, diam erat fermentum justo, nec condimentum neque sapien placerat ante. Nulla justo.",1,6/28/2024,2:35 PM,1:50 PM
194,Quebec Oscar Juliett Hotel Bravo Mike Tango Alfa Papa Kilo Echo,"Morbi porttitor lorem id ligula. Suspendisse ornare consequat lectus. In est risus, auctor sed, tristique in, tempus sit amet, sem.

Fusce consequat. Nulla nisl. Nunc nisl.

Duis bibendum, felis sed interdum venenatis, turpis enim blandit mi, in porttitor pede justo eu massa. Donec dapibus. Duis at velit eu est congue elementum.",2,6/10/2024,1:48 PM,10:37 AM
195,Juliett Uniform Whiskey Golf Oscar Bravo Yankee Quebec Papa Alfa Charlie November Victor Lima Romeo Foxtrot Zulu,"Aenean fermentum. Donec ut mauris eget massa tempor convallis. Nulla neque libero, convallis eget, eleifend luctus, ultricies eu, nibh.

Quisque id justo sit amet sapien dignissim vestibulum. Vestibulum ante ipsum primis in faucibus orci luctus et ultrices posuere cubilia Curae; Nulla dapibus dolor vel est. Donec odio justo, sollicitudin ut, suscipit a, feugiat et, eros.",3,9/4/2023,5:46 PM,12:29 PM
196,November Echo Tango Yankee Romeo Whiskey Lima Sierra Quebec Delta Kilo Oscar Charlie Foxtrot Zulu Bravo Juliett,"Proin eu mi. Nulla ac enim. In tempor, turpis nec euismod scelerisque, quam turpis adipiscing lorem, vitae mattis nibh ligula nec sem.

Duis aliquam convallis nunc. Proin at turpis a pede posuere nonummy. Integer non velit.

Donec diam neque, vestibulum eget, vulputate ut, ultrices vel, augue. Vestibulum ante ipsum primis in faucibus orci luctus et ultrices posuere cubilia Curae; Donec pharetra, magna vestibulum aliquet ultrices, erat tortor sollicitudin mi, sit amet lobortis sapien sapien non mi. Integer ac neque.",4,9/7/2023,1:15 PM,11:34 AM
197,Victor Uniform Kilo Lima Sierra Tango Alfa India Delta Foxtrot,"Praesent blandit. Nam nulla. Integer pede justo, lacinia eget, tincidunt eget, tempus vel, pede.

Morbi porttitor lorem id ligula. Suspendisse ornare consequat lectus. In est risus, auctor sed, tristique in, tempus sit amet, sem.",5,4/16/2024,12:48 PM,11:29 AM
198,Oscar Sierra X-ray Mike India Victor November Whiskey Tango Golf Papa Kilo Uniform Bravo Alfa Echo Lima Juliett,Praesent id massa id nisl venenatis lacinia. Aenean sit amet justo. Morbi ut odio.,6,6/24/2024,12:42 PM,10:59 AM
199,Hotel Delta Oscar Lima X-ray Sierra India Papa Zulu Charlie Kilo,Pellentesque at nulla. Suspendisse potenti. Cras in purus eu magna vulputate luctus.,7,12/27/2023,12:59 PM,10:06 AM
200,Golf Sierra India Victor Kilo Alfa Lima Papa Charlie Juliett,"Donec diam neque, vestibulum eget, vulputate ut, ultrices vel, augue. Vestibulum ante ipsum primis in faucibus orci luctus et ultrices posuere cubilia Curae; Donec pharetra, magna vestibulum aliquet ultrices, erat tortor sollicitudin mi, sit amet lobortis sapien sapien non mi. Integer ac neque.",8,10/17/2023,12:24 PM,5:10 PM
